<?xml version="1.0" encoding="UTF-8"?>
<project-private xmlns="http://www.netbeans.org/ns/project-private/1">
    <editor-bookmarks xmlns="http://www.netbeans.org/ns/editor-bookmarks/2" lastBookmarkId="0"/>
    <open-files xmlns="http://www.netbeans.org/ns/projectui-open-files/2">
        <group name="JSP_2">
            <file>file:/home/usuario/repositorio/programacion21-22/Tema13/MiCRUD_Ver2/web/consulta.jsp</file>
            <file>file:/home/usuario/repositorio/programacion21-22/Tema13/MiCRUD_Ver2/web/datos.jsp</file>
            <file>file:/home/usuario/repositorio/programacion21-22/Tema13/MiCRUD_Ver2/web/datosInsert.jsp</file>
            <file>file:/home/usuario/repositorio/programacion21-22/Tema13/MiCRUD_Ver2/web/procesoInsert.jsp</file>
        </group>
    </open-files>
</project-private>
